name,category,latitude,longitude,distance_from_center_km
Parking Quai branly-Tour Eiffel,amenity,48.8614418,2.2990188,0.4848944385913564
Linette,amenity,48.8600296,2.3006336,0.49117762719331415
,amenity,48.8544507,2.2963604,0.44505132316402846
Paris Champ de Mars,amenity,48.8586271,2.3007824,0.4627570019509199
La Banque Postale,amenity,48.8585778,2.3007057,0.45669420609418415
Crédit du Nord,amenity,48.8579137,2.300566,0.4467377763491044
G20,shop,48.8579464,2.3012012,0.492920651482828
Vedettes de Paris,tourism,48.858344,2.2912461,0.2389954657904322
,amenity,48.8604607,2.298845,0.40189740960514986
,amenity,48.8567887,2.2922671,0.23157935988660644
,amenity,48.8592448,2.2975553,0.24947788452439376
,amenity,48.8574335,2.3003649,0.4400252166037608
,amenity,48.8603949,2.2955478,0.2495518281693977
,amenity,48.8608229,2.3010496,0.5587172113353222
Théâtre de Chaillot,amenity,48.8626783,2.2885551,0.6570782864440036
,amenity,48.8577356,2.2946051,0.058807905369217775
Toilette Tour Eiffel,amenity,48.8584294,2.2957348,0.09250528199961264
Pharmacie Brisebarre,amenity,48.8597553,2.3011269,0.5138778313490396
20 Eiffel,amenity,48.8594682,2.298537,0.32523957106968376
II Sorrentino,amenity,48.8598224,2.3002796,0.4582715207204759
Maison Bergeron,shop,48.8585031,2.3006826,0.45443462443055666
Hôtel Le Derby Alma,tourism,48.8604399,2.3007825,0.5208152735061824
Piscine Émile Anthoine,leisure,48.8557538,2.2906075,0.3991042741430981
,amenity,48.8612367,2.2900259,0.4662568442952785
Restaurant Doïna,amenity,48.8577097,2.3005438,0.44764887283593907
Café Le Dôme,amenity,48.8576592,2.3004661,0.44281403799386715
Castel Cafe,amenity,48.8569007,2.2922198,0.22551787102570112
Cabinet Catherine Gaucher,amenity,48.8553008,2.2946828,0.329344020602276
,amenity,48.8570439,2.299776,0.41004895687937915
,amenity,48.8573877,2.299831,0.40299070825436856
,amenity,48.8573425,2.2993073,0.3671732909905797
,leisure,48.8554539,2.3007775,0.5563557843131003
,amenity,48.8551025,2.2959032,0.36589916649766235
Général Diego Brosset,historic,48.8550574,2.2889995,0.5383240561474465
Castorama,shop,48.8539792,2.2896821,0.5929969019629523
Esplanade du Trocadéro,tourism,48.8619948,2.2887325,0.5929989132565532
,amenity,48.8559534,2.2977174,0.34858577591916073
,amenity,48.8562043,2.2980933,0.3489411728564852
,leisure,48.8538749,2.300095,0.637440571652319
,tourism,48.8559251,2.2895151,0.4486149052734083
,tourism,48.8560125,2.2893473,0.45328063853304557
,amenity,48.8560314,2.2895634,0.4389480137260933
,tourism,48.8560525,2.2893655,0.44972351270437855
,tourism,48.8560604,2.2895766,0.4363327778064588
,tourism,48.8560962,2.2893853,0.4458653755564636
,amenity,48.8561366,2.2896103,0.4295712796549705
,amenity,48.8562011,2.2894329,0.43670100336364426
,amenity,48.856221,2.2896487,0.4221047786302829
,amenity,48.8562725,2.2894653,0.4305486545398745
,amenity,48.8563194,2.2896935,0.4135208898847026
,tourism,48.8563737,2.2895113,0.4219488675122312
,tourism,48.8564351,2.2895391,0.41681316600878016
,tourism,48.8564675,2.2897609,0.400870745472672
,amenity,48.8564892,2.2897708,0.3990442217438275
,amenity,48.856553,2.2895926,0.4071120616472086
,amenity,48.8566224,2.2896242,0.4015031536025177
,amenity,48.8566342,2.2898368,0.38704921020373895
,amenity,48.8566703,2.2896459,0.39768824457713564
,amenity,48.8566677,2.289852,0.3843327502173833
,amenity,48.8567155,2.2896664,0.3941249048085579
,tourism,48.8567642,2.2898959,0.37661510288207306
,amenity,48.8567743,2.2896931,0.3895442824110318
,amenity,48.856856,2.2897302,0.38329056712246984
,tourism,48.8568798,2.2899603,0.3668189364039295
,amenity,48.8569227,2.2899951,0.3625180486879241
,amenity,48.8569703,2.2900336,0.35778881812404545
,amenity,48.8570183,2.2898505,0.36810185581162325
,amenity,48.8570816,2.2901238,0.34687215090630824
,amenity,48.8571094,2.2899243,0.3593567961959862
,amenity,48.857116,2.2901517,0.34354246547263884
,amenity,48.8571585,2.2901861,0.3394649982788622
,tourism,48.8572408,2.2902924,0.32893738863766203
,amenity,48.857271,2.2903311,0.3251215328983881
,amenity,48.8572593,2.2911077,0.27270548011472023
,tourism,48.8573014,2.2903701,0.3212924190901965
,amenity,48.8573855,2.290813,0.28753680966624023
,amenity,48.8625507,2.3008197,0.6653412444490281
,amenity,48.8626592,2.3010957,0.6881347832297781
,amenity,48.8626522,2.3012517,0.6956852973802475
Guichet Transilien,amenity,48.8625524,2.3011421,0.6821705379370813
,amenity,48.8626689,2.3008066,0.6741700111472807
,amenity,48.8592703,2.2881865,0.476749414094184
Subway,amenity,48.8542704,2.2893594,0.5823818102793026
Yes’N’You,amenity,48.8541868,2.2958695,0.46396212312461305
,amenity,48.8586583,2.2972085,0.20358217375058532
,amenity,48.8577765,2.3005618,0.4480050919440781
,amenity,48.861713,2.2982547,0.4725917526337868
,amenity,48.8608293,2.2903781,0.41611261486347934
,amenity,48.8608361,2.2903148,0.42001674722366694
,amenity,48.8608776,2.2903028,0.42381756560607264
,amenity,48.8609053,2.2904913,0.4160464350308868
,amenity,48.8609245,2.2902267,0.4314582573125579
,amenity,48.8609326,2.2901635,0.4354549784564994
,amenity,48.8609456,2.290478,0.4199127290980327
,amenity,48.8609538,2.2904139,0.42387613453658585
,amenity,48.8609746,2.290151,0.43932207277918284
,amenity,48.8610007,2.2903396,0.4314192333743642
,amenity,48.861022,2.2900749,0.44700094309385574
,amenity,48.8610294,2.2900123,0.45091078260090783
,amenity,48.8610426,2.2903273,0.4353579856536388
,amenity,48.8610501,2.2902662,0.43911204265127984
,amenity,48.8610701,2.2899999,0.4546746733804257
,amenity,48.8610982,2.2901902,0.44683772203834543
,amenity,48.8611183,2.2899249,0.462356068368252
,amenity,48.8611254,2.2898631,0.46619882225333975
,amenity,48.8611396,2.2901768,0.4507930692519372
,amenity,48.8611464,2.2901151,0.45452454562255584
,amenity,48.8611664,2.2898498,0.47003516550729385
,amenity,48.8611934,2.2900397,0.4621327645251011
,amenity,48.8612141,2.2897745,0.47769433820055124
,amenity,48.8612211,2.2897136,0.48148029297192546
,amenity,48.8612455,2.2899646,0.4701258332155036
,amenity,48.8612497,2.2892815,0.5071560991536832
,amenity,48.8612622,2.2896994,0.48537345656274083
,amenity,48.8612824,2.2892324,0.5122607263096344
,amenity,48.8612896,2.289889,0.4775168400773269
,amenity,48.8613108,2.2896257,0.49301630613981656
,amenity,48.8613058,2.2892652,0.5121641887712421
,amenity,48.8613175,2.2895657,0.4967295721763358
,amenity,48.8613333,2.2898734,0.48176402596423873
,amenity,48.8613291,2.2892979,0.5120902285004735
,amenity,48.86134,2.2898139,0.48537637021927516
,amenity,48.8613524,2.2893307,0.5120351793181648
,amenity,48.8613589,2.2895506,0.5006954708855763
,amenity,48.8613757,2.2893634,0.5120099550099557
,amenity,48.8613886,2.2897382,0.4931258481430324
,amenity,48.8614008,2.2893441,0.51494265808284
,amenity,48.8614301,2.2897262,0.49701304079078906
,amenity,48.8614289,2.2893337,0.5176260179869209
,amenity,48.8614375,2.2896632,0.5008624711624989
,amenity,48.8614303,2.289424,0.5128997560459455
Taureau et Daim,tourism,48.8614443,2.2892128,0.525311439129337
,amenity,48.8614569,2.289333,0.5197883781875897
,amenity,48.8614859,2.2893444,0.5213921470513222
,amenity,48.8615086,2.2895426,0.5127124790649105
,amenity,48.8615509,2.2896317,0.5114497147666853
L'Homme,tourism,48.8615587,2.2891173,0.5390835171401981
,amenity,48.8615627,2.2895858,0.5147435182474064
,amenity,48.8615655,2.2894571,0.5216226833273673
,amenity,48.8615688,2.2894995,0.5196798032041046
,amenity,48.861569,2.2895426,0.5174672820287979
,amenity,48.8615734,2.2896657,0.5115096453078813
,amenity,48.8615959,2.2896998,0.5115889222815294
,amenity,48.8616108,2.2898138,0.5070818003574769
,amenity,48.8616184,2.2897338,0.5116976755916149
Chevaux et Chien,tourism,48.8616527,2.2895251,0.525019415190309
,amenity,48.8616409,2.2897679,0.5118258219003796
La Femme,tourism,48.8617122,2.2893496,0.5387492891701373
La Bonbonnière de Marie,amenity,48.8555796,2.3008017,0.5501287789960743
,amenity,48.856039,2.2944978,0.24697964385284168
,amenity,48.8560786,2.2945588,0.24261335560655226
,amenity,48.8567213,2.2923205,0.2342407243633866
,amenity,48.8568576,2.2939582,0.1609446081307096
,amenity,48.8608531,2.2962135,0.3145817328513441
,amenity,48.8610226,2.2965243,0.34123534758111634
,amenity,48.8613379,2.2971915,0.3951613922717627
Cours Fidès (École secondaire privée),amenity,48.8598218,2.2960508,0.20762682057129345
,amenity,48.8572052,2.2975105,0.2500777840443365
Café Fleur,amenity,48.8546868,2.2950925,0.3997204480922971
Volkswagen,shop,48.8542319,2.2957885,0.4578030186299931
,amenity,48.8551063,2.2945535,0.35072375363681385
Salle de Combat,amenity,48.8557252,2.2908552,0.3886029513678946
,leisure,48.8565,2.29044,0.3564955007998752
SPOT24,tourism,48.8556362,2.2902284,0.4282679081266271
Le Bistrot de la Tour,amenity,48.8544458,2.2891916,0.5759196432863452
,shop,48.8583306,2.2936654,0.06178852965806617
,amenity,48.8582474,2.2944389,0.004736092597615297
Bureau de Gustave Eiffel,tourism,48.8582685,2.2945812,0.005991189485929285
Paris Tour Eiffel,amenity,48.8579662,2.2945015,0.032661559174236916
,shop,48.8577465,2.2945778,0.057374017576740266
,shop,48.8581453,2.2941635,0.02782615921311585
,shop,48.8581831,2.2953251,0.06110104879005571
Caisse à billets,amenity,48.8582589,2.2937433,0.055570178933081756
Buffets,shop,48.8580713,2.2946977,0.02547692701989675
Buffets,shop,48.8581053,2.2947432,0.024748542280320807
Buffets,shop,48.8582619,2.2942404,0.019094562483506147
Le Jules Verne,amenity,48.8581328,2.2944968,0.014137158593341342
Police nationale,amenity,48.857724,2.2943986,0.060063992583801046
Pharmacie de la Tour Eiffel,amenity,48.8593893,2.2980526,0.2893230955065419
Pharmacie du Champs de Mars,amenity,48.8579304,2.3006577,0.45328802733634505
Crêpes,amenity,48.8608625,2.2916712,0.35619049157791893
Gustave Eiffel,historic,48.8587307,2.2944894,0.052362703381071345
,amenity,48.858194,2.2914426,0.2245133771914248
,amenity,48.858267,2.2915488,0.21660214221694288
,amenity,48.858333,2.2916411,0.20998507962785048
,amenity,48.8583699,2.2916971,0.20608173965663718
,amenity,48.8584417,2.2918056,0.19878734948605034
,amenity,48.8585221,2.2919194,0.1916371801596887
,amenity,48.8585785,2.2919975,0.18706092235279376
,amenity,48.8586103,2.2920459,0.18429004685310926
,amenity,48.8586429,2.2920908,0.18188575287204603
,amenity,48.858672,2.2921303,0.17986630474519005
Tour Eiffel,tourism,48.8587851,2.2943909,0.0589580171731786
,amenity,48.8550071,2.3004317,0.5659325519499119
Au Ciel de Shanghai,amenity,48.8550985,2.2950194,0.35362493225310027
Nicolas,shop,48.8549545,2.2952426,0.37159430431988816
Restaurant De La Tour,amenity,48.8544715,2.2949225,0.4224324685454481
Restaurant Le Beaujolais,amenity,48.8551112,2.2944545,0.35017369703344636
La France Renaissante,historic,48.8557606,2.2878413,0.5621789038549254
,amenity,48.8538867,2.3003181,0.6471185952664151
,amenity,48.8539092,2.3002823,0.6435050818085636
,amenity,48.8539317,2.3002481,0.6399691067821927
,amenity,48.8539909,2.3001737,0.6314193976099117
,amenity,48.8549381,2.2889854,0.5479556882019078
,amenity,48.8550236,2.2890967,0.5355152488187906
,amenity,48.8563242,2.2963476,0.2543772140553573
Au Petit Sud Ouest,amenity,48.856921,2.3009577,0.49666698829828937
,amenity,48.8585339,2.3006922,0.45535404736324214
,amenity,48.8578701,2.3001189,0.41454065575153237
Tour-Eiffel,amenity,48.8599019,2.2930286,0.212155926991136
,tourism,48.85837,2.2952664,0.05751215506449044
Cavalier Gaulois,tourism,48.8594361,2.2930111,0.1704550396635451
Cavalier Romain,tourism,48.8591978,2.2926477,0.17136119224820012
Cavalier Grec,tourism,48.8601763,2.2911269,0.3266530606348302
Cavalier Arabe,tourism,48.8604251,2.2914796,0.32728715769812206
,amenity,48.8590258,2.2939349,0.09475030113190616
,amenity,48.859,2.2939752,0.09088642808564196
,amenity,48.8589707,2.2940208,0.08653206859511449
,amenity,48.8589443,2.2940618,0.08264073281434248
,amenity,48.8589157,2.2941072,0.07843490069095276
,amenity,48.8588894,2.2941474,0.07464839425142439
École Maternelle,amenity,48.8538911,2.290498,0.5677262072031327
Pont d'léna,tourism,48.8597755,2.2919945,0.24944760001112284
Immeuble Lavirotte,tourism,48.8591113,2.3008801,0.4775978040801802
,amenity,48.8591602,2.3004809,0.4501021325403643
,amenity,48.859604,2.2959293,0.1825725903796324
,amenity,48.8569001,2.2949333,0.15451674914877683
,amenity,48.8604817,2.2887959,0.48607806885801863
Firmine,amenity,48.854553,2.295332,0.41672326876298754
,amenity,48.8555313,2.2898633,0.45593104608202134
Parking Bateaux Parisiens,amenity,48.8615319,2.2959873,0.37987024045552265
Au Bon Accueil,amenity,48.8597074,2.2992208,0.3819383887214182
Pizza Fiorentina,amenity,48.8539675,2.2881944,0.6648369717256719
Pomone,tourism,48.861987,2.2891112,0.5728684173712435
Flore,tourism,48.8617082,2.2887001,0.5728933677486038
Hercule et le taureau de Crète,tourism,48.8618269,2.2879801,0.6215044645808531
Apollon Musagète,tourism,48.8624591,2.2889143,0.6213611987610266
,amenity,48.8579883,2.2968342,0.1738815068716327
Tour Eiffel,tourism,48.8585238,2.2939989,0.04708042112569841
,amenity,48.8605151,2.2984493,0.3832105999858085
,amenity,48.8592248,2.2973839,0.23722746480819568
,amenity,48.8588115,2.2969835,0.1922415556509668
,amenity,48.8588544,2.2970563,0.19884645329472816
,amenity,48.8579237,2.3000634,0.4099038251147401
,amenity,48.8578705,2.3003441,0.4309741081225085
,amenity,48.8590739,2.2980532,0.27595452840867557
,amenity,48.8601337,2.2990227,0.3918263103624639
,amenity,48.8570297,2.2905898,0.31791617245054576
,amenity,48.8569849,2.2905418,0.3232533831775538
,amenity,48.86008,2.2900334,0.3852500506261387
,amenity,48.8594937,2.2880066,0.4958788651951326
Lapelosa Félice,shop,48.860083,2.3006579,0.49521305617706907
La Jeunesse,tourism,48.862619,2.2881573,0.6720377914317783
Flore,tourism,48.8625493,2.2882606,0.6611972292872
Le Matin,tourism,48.862484,2.2883692,0.6504407575272333
La Campagne,tourism,48.8624152,2.2884738,0.6396066565442668
Les oiseaux,tourism,48.862319,2.2877215,0.6717096229557553
Le Printemps,tourism,48.8621823,2.287928,0.6502742523999511
Les fruits,tourism,48.8621179,2.2880353,0.6396312610268058
Les jardins,tourism,48.8622511,2.2878261,0.6609519116295276
Yes’N’You,amenity,48.8543693,2.29556,0.439590561975842
Franprix,shop,48.8549338,2.2947627,0.3703851755608843
,historic,48.8547268,2.2950846,0.3952355264270375
Parapharmacie Eiffel Para,amenity,48.8547824,2.2949979,0.38844018226989835
L'Howea,shop,48.8598977,2.300606,0.4836103142606707
Franprix,shop,48.8599088,2.2968889,0.2536461499199199
Brasserie Tour Eiffel,amenity,48.8603733,2.2956703,0.25020684328251136
La Cabane du Pêcheur,shop,48.8545869,2.295076,0.41063974864067265
,leisure,48.8588935,2.2897677,0.3543698508676816
,leisure,48.8595663,2.2905484,0.32436045794495977
,tourism,48.8602972,2.2900265,0.398886864887532
,amenity,48.8597705,2.289426,0.40850423596460844
,amenity,48.8597581,2.2894716,0.40488720014967283
,amenity,48.8597478,2.2895135,0.4016137813593086
,amenity,48.8592667,2.2887813,0.43435188275051134
,amenity,48.8592318,2.2888476,0.4286582632681986
,amenity,48.8593218,2.2889613,0.42327212400677955
,amenity,48.8593457,2.2889258,0.4265189619018821
Passerelle Debilly,tourism,48.8625825,2.2969084,0.5121424303909198
,amenity,48.8545884,2.2997119,0.5594167776312443
,amenity,48.8548103,2.2993539,0.5234521268187361
,amenity,48.8549594,2.2991299,0.5001171167922295
,amenity,48.8551637,2.298808,0.4674015675061326
,amenity,48.8553194,2.298566,0.44263889262034056
,amenity,48.8559005,2.2987215,0.4059298356721748
,amenity,48.8557884,2.2988905,0.4234531469629542
,amenity,48.8548857,2.300294,0.5670413525484882
,amenity,48.855023,2.3000807,0.5452030437706097
,amenity,48.8551637,2.2998608,0.5227536519998255
,amenity,48.8553031,2.2996408,0.500396260917565
,amenity,48.8556225,2.2991493,0.4498786487792486
,amenity,48.8555131,2.2993143,0.46699343166180124
,amenity,48.855634,2.2993237,0.4588433918978877
,amenity,48.8585503,2.3006973,0.45585294213726624
Alfio,amenity,48.8580452,2.2998447,0.39287279972342304
Le Bistro Parisien,amenity,48.8601867,2.2932469,0.23318673082936495
,amenity,48.8572779,2.2978723,0.27044408228920463
,amenity,48.8572913,2.2979612,0.27583927018590276
,amenity,48.8573102,2.2980528,0.28124335915090604
,amenity,48.8573733,2.2978312,0.2635375184400132
,amenity,48.8573543,2.2977262,0.2572282990758479
,amenity,48.8573205,2.2975108,0.2443462613360301
,amenity,48.857305,2.2974014,0.23787853219567068
,amenity,48.8555533,2.3006739,0.5438835243370664
,amenity,48.8555325,2.3006709,0.5449841974243023
,amenity,48.8555012,2.3006713,0.5469534540733272
,amenity,48.8554745,2.3006739,0.5487819837579319
,amenity,48.8553953,2.3006734,0.5537713674928262
,amenity,48.8553756,2.3006813,0.5555078115886256
,amenity,48.8554614,2.2975372,0.3827614357382366
,amenity,48.8554937,2.2976543,0.38495039114703017
,amenity,48.8554931,2.2977255,0.38816672031962735
,amenity,48.8555016,2.2978375,0.39249204572874474
,amenity,48.8555125,2.2979289,0.39577450401968706
,amenity,48.8555279,2.2980134,0.3984371805931169
,amenity,48.8537721,2.3009752,0.6890692958611824
,amenity,48.8577099,2.2958979,0.11939052074173846
,amenity,48.8576085,2.2960505,0.13484199324301466
,amenity,48.8574559,2.2962858,0.15860199220491636
,amenity,48.8574415,2.2963106,0.16100812734819134
,amenity,48.857195,2.2966936,0.19980065378721207
,amenity,48.8568754,2.297197,0.2507091479398394
,amenity,48.8568591,2.2972157,0.25290602284797115
Le Champ de Mars,amenity,48.8579342,2.2999417,0.40090437680773217
Cafe Il Grigio Italian,amenity,48.8577544,2.3006773,0.4567164129382705
Iolanda,amenity,48.8545651,2.2891423,0.5687147750750072
BNP Paribas,amenity,48.8539858,2.2967328,0.5027434678511873
BNP Paribas,amenity,48.8539676,2.2967589,0.5052823473971021
Café Ribe,amenity,48.8564807,2.2928406,0.23234980905141414
Le Bailli de Suffren,amenity,48.8567551,2.2923773,0.2286489761907656
Chez Pippo,amenity,48.8588768,2.298554,0.30524267468462285
,historic,48.8598204,2.2964584,0.22528580122020306
History Group Store,tourism,48.8579648,2.2993451,0.35699813810886655
,amenity,48.8578797,2.2996724,0.38185199001629916
Monument aux combattants polonais pour la défense et la libération de la France,tourism,48.861308,2.2917845,0.3932186529733027
La Danse Triomphale,tourism,48.8623244,2.2920316,0.4869558163543459
,amenity,48.8552513,2.2890686,0.520413378982429
,amenity,48.8553181,2.2891165,0.5129564623202882
,amenity,48.8554123,2.2891826,0.5025637255713987
,amenity,48.8554858,2.2892278,0.4948559093604675
,amenity,48.8556878,2.2893324,0.47502145684418284
,amenity,48.855767,2.2893663,0.46776437194259285
,amenity,48.8558606,2.2894109,0.45900422250774253
,amenity,48.8559468,2.2894501,0.45113261807408955
,amenity,48.8560214,2.2894816,0.4445371171150683
,amenity,48.8561306,2.2895252,0.43516424333493864
,amenity,48.8562118,2.2895564,0.42837627525675326
,amenity,48.8563037,2.2895886,0.42100600316698306
,amenity,48.8564046,2.2896329,0.41250068970280523
,amenity,48.8564943,2.2896667,0.40543080853914126
,amenity,48.8565947,2.2897113,0.3972442223656545
,amenity,48.8566814,2.2897505,0.39027072076913055
,amenity,48.8567875,2.2898126,0.3809879180280258
,amenity,48.8568923,2.289881,0.37154091253511357
,amenity,48.8569869,2.289951,0.3626252176910462
,amenity,48.8570555,2.290003,0.3561767888107674
,amenity,48.8571848,2.2901197,0.34298318568468866
,amenity,48.8572459,2.2901817,0.3363842633835136
,amenity,48.8573372,2.2902779,0.32640911270585354
,amenity,48.8574164,2.2903641,0.31769935974835456
Bir-Hakeim,amenity,48.8538555,2.2896632,0.6049089194107008
Rapp - Place du Général Gouraud,amenity,48.8581047,2.3004074,0.43378041460965105
Bourdonnais - Tour Eiffel,amenity,48.8608971,2.2955997,0.3041620696373454
Octave Gréard - Tour Eiffel,amenity,48.856503,2.2931788,0.218130832741054
Suffren - Champ de Mars,amenity,48.8548765,2.2949897,0.3779655544991055
Comptoirs Richard,shop,48.8579018,2.3010707,0.48375233250837474
,amenity,48.8601941,2.3011438,0.5328104882912974
,amenity,48.8588506,2.2992158,0.3521762360035198
,amenity,48.8588401,2.2991646,0.348267698135948
,amenity,48.8547894,2.2958954,0.3992852103533129
,amenity,48.8547042,2.2957814,0.40643508957059804
,amenity,48.8544905,2.2917401,0.46556392032520566
,amenity,48.8543296,2.2919905,0.4743040379398126
,amenity,48.8543157,2.2920428,0.47425609733585455
,amenity,48.856235,2.2931332,0.2465271705888072
,amenity,48.8575732,2.3001007,0.41796915470116247
Les viandes du champs de Mars,shop,48.8579692,2.3008005,0.46341193190907537
,amenity,48.8540347,2.3000715,0.6228171188077458
,amenity,48.8549118,2.2987263,0.48454742512763005
,amenity,48.8549058,2.2989134,0.4939502982156078
,amenity,48.8554531,2.299722,0.4942011852130147
,amenity,48.8551376,2.2976979,0.41905910482875175
,amenity,48.8562441,2.299328,0.4192100917074158
,amenity,48.8593105,2.2889298,0.4251452444572644
,amenity,48.8568085,2.3013112,0.5251813822314552
,amenity,48.8567886,2.2921753,0.2364024311783802
,amenity,48.8606005,2.2952601,0.2661904036019764
,amenity,48.8542196,2.2976634,0.5057135273085142
,amenity,48.8556255,2.2973765,0.36105984042540296
,amenity,48.8573433,2.3005109,0.4526611202053542
,amenity,48.8583134,2.2981391,0.2670563534066669
,amenity,48.8598187,2.2966512,0.23442066011392196
,amenity,48.8604332,2.2987534,0.39470729687679323
,amenity,48.8599716,2.3008078,0.500426628252347
Fruit Stand,amenity,48.858407,2.2930926,0.10460478812452174
Girafe,amenity,48.8625556,2.2887639,0.6367073794689413
Librairie du Moniteur,shop,48.8625035,2.2886371,0.6386030455317994
,historic,48.8624942,2.2878914,0.6759551078331767
Trattoria Dell'Angelo,amenity,48.860656,2.3008329,0.5356308160346497
New jawad,amenity,48.8602559,2.3007106,0.5068636152655646
Gymnase Communal Camou,leisure,48.8583622,2.2993248,0.3541783268245102
Ducasse sur Seine,amenity,48.8604329,2.2917343,0.3155927666163549
Pinky Bloom,amenity,48.8581532,2.2878913,0.4851307866008283
,tourism,48.86103,2.2921842,0.35183478227302745
,amenity,48.8543104,2.2920643,0.4742041992235933
,amenity,48.8543559,2.2887986,0.6029651224681781
,amenity,48.8542188,2.292342,0.4764980093926934
,amenity,48.855405,2.2893935,0.4911677900313446
,amenity,48.8550896,2.2891615,0.5270659654893344
Chez Ming,amenity,48.8597921,2.3001026,0.44497958416803624
,amenity,48.8545384,2.2891768,0.5691229355211799
,amenity,48.8626656,2.3010909,0.6883934925836758
,amenity,48.8626459,2.3010973,0.6871667667187413
,amenity,48.8625134,2.3008235,0.6625680219750696
,amenity,48.8627026,2.3008027,0.6767048293079654
,amenity,48.8625745,2.3010758,0.6804344871068934
Les Ombres,amenity,48.861112,2.2985572,0.43497296674847186
,leisure,48.8607604,2.2961962,0.30463860156045497
,leisure,48.8609484,2.2965382,0.3342803487240104
,amenity,48.8577638,2.2966941,0.17015053552747095
,amenity,48.857864,2.2966435,0.16329214079562188
,amenity,48.8578342,2.2965918,0.16058777323256154
,amenity,48.857766,2.2966438,0.16658241777567517
,amenity,48.8577857,2.2966046,0.16314826978398814
,amenity,48.8579988,2.2967823,0.16992886699973256
,amenity,48.8580113,2.2966636,0.16110932864231614
,amenity,48.8580074,2.2967022,0.16397419923683437
,amenity,48.858003,2.2967397,0.1667690783705691
,amenity,48.8580297,2.2960869,0.1191834955312617
,amenity,48.8580299,2.2961141,0.1211288884661894
,amenity,48.8572408,2.2976211,0.25549311458815127
,amenity,48.8572104,2.2974233,0.2441679533622859
,amenity,48.8571927,2.2973207,0.23855536614272405
,amenity,48.8572871,2.2972886,0.23142527666881932
,amenity,48.8572704,2.2971873,0.2257802185202749
,amenity,48.8571764,2.2972262,0.23349583900566517
,amenity,48.8567953,2.2979172,0.2989713592158668
,amenity,48.8556878,2.296553,0.3232627998936146
,amenity,48.8558502,2.2965027,0.3056061971271497
,amenity,48.8563598,2.2966193,0.2623373934077136
,amenity,48.8561965,2.2965382,0.27388013507962605
,amenity,48.8560174,2.296496,0.2891906299310262
,amenity,48.8565415,2.2966629,0.24838441146898105
,amenity,48.8575144,2.2951428,0.09536206115771821
,amenity,48.8573639,2.2953788,0.11866429655807165
,amenity,48.8569955,2.2959401,0.17586654956485961
,amenity,48.8572563,2.2955431,0.13530790040896107
,amenity,48.8570821,2.2946541,0.1314630160077608
,amenity,48.857099,2.2948145,0.1311389423007852
,amenity,48.85699,2.2948202,0.14315582523240386
,amenity,48.8570205,2.2948169,0.13977052448875094
Dalle à l’honneur des victimes de la misère,historic,48.8622363,2.2882993,0.6345036632243471
Chalet Manège,amenity,48.8543147,2.2998268,0.587579027778414
Sandwicherie,amenity,48.8575128,2.3006259,0.45708716200854344
,shop,48.8575443,2.300573,0.45264145825902447
,shop,48.85994,2.2936558,0.19685399662205652
,shop,48.8599896,2.293621,0.20289451165657263
,amenity,48.8599436,2.2934778,0.20172055611729353
,tourism,48.8596164,2.2995617,0.40084335433354645
,tourism,48.8570928,2.2922158,0.2120254963124044
,tourism,48.8601664,2.2911103,0.32686196810154766
Monument à l'Amiral de Grasse,historic,48.8598679,2.2878172,0.5219994847136356
,amenity,48.8547659,2.2951821,0.39176216344126985
,amenity,48.8591683,2.2976961,0.255316507197953
,amenity,48.8588304,2.2966014,0.166699098889207
,amenity,48.8594852,2.2971939,0.2400517607938819
,amenity,48.8560084,2.2929882,0.27387627864422176
,amenity,48.8587511,2.2964928,0.15605776541112498
,amenity,48.8598368,2.296808,0.2437594511222985
,amenity,48.8599691,2.2965958,0.24446871936017017
,amenity,48.8563355,2.2927305,0.2503408491815914
,amenity,48.8587904,2.2965455,0.16123321192301399
,amenity,48.8598318,2.296611,0.2335335987772562
,amenity,48.8602005,2.29765,0.3161939039679077
Fiorentina,amenity,48.8542212,2.2894172,0.5838416848644213
,amenity,48.8565747,2.296499,0.23796072863737272
,amenity,48.8547606,2.2898648,0.5168748143691754
Takumi Flavours,shop,48.8548588,2.2898074,0.5115298198620987
Tabac Eiffel,shop,48.8595435,2.2969418,0.22905052272850304
,amenity,48.8573363,2.290924,0.28183282951513294
,amenity,48.8573419,2.2909106,0.28252308330034226
Guichet Transilien,amenity,48.8549974,2.2891169,0.5363850863422025
,amenity,48.8549753,2.2891011,0.5389024612600534
,amenity,48.8573411,2.2908202,0.28874983405223087
Guichet Transilien,amenity,48.8573201,2.2909388,0.28148572724987553
,amenity,48.860438,2.2986931,0.39154846102514673
Musée du Quai Branly - Jacques-Chirac,amenity,48.8605128,2.2975301,0.3349410637631155
,amenity,48.8561315,2.2970678,0.30250903802921886
,amenity,48.8560793,2.2970444,0.3060219895881855
,amenity,48.8563173,2.2970104,0.28388040728635816
,amenity,48.8558654,2.2970364,0.32485888118232564
,amenity,48.8560126,2.2970344,0.3114940867649631
,amenity,48.8558908,2.2970307,0.3223064345488019
,amenity,48.8559469,2.2970257,0.31701247521780956
,tourism,48.8606165,2.2978393,0.35874608916847434
Librairie du Musée,shop,48.8603201,2.297474,0.31637610379887454
,tourism,48.8604887,2.2977617,0.3445201711876452
,tourism,48.8613739,2.297611,0.4147437990177254
,shop,48.8607763,2.2969352,0.3320015605112533
,tourism,48.8612254,2.2978868,0.41291010672793566
The American Library in Paris,amenity,48.8588694,2.2990589,0.3412809321451096
,amenity,48.8597696,2.2954693,0.18231661696372192
,amenity,48.8598618,2.2953319,0.18829670329632645
,amenity,48.8599492,2.2951951,0.19465136322722307
,amenity,48.8599346,2.2952186,0.1935471058244737
,amenity,48.8599161,2.2952487,0.1921874516763477
,amenity,48.8599011,2.2952715,0.19107802043037142
,amenity,48.8598786,2.2953077,0.18950274981547613
,amenity,48.8595629,2.2949906,0.14929697394564406
,amenity,48.8596119,2.2949014,0.15320127929773664
,amenity,48.859199,2.295416,0.12417111216927518
,amenity,48.8592012,2.2954502,0.12574998704707957
,amenity,48.8591908,2.2954992,0.12683165652014647
,amenity,48.8591767,2.2955277,0.12678696154983185
,amenity,48.8591546,2.2955565,0.1261064900592915
,amenity,48.8591324,2.2955679,0.12469160491851049
,amenity,48.85972,2.2957221,0.18546937708299818
,amenity,48.8593618,2.29628,0.17906480124917068
,amenity,48.8591981,2.2965325,0.1819775334037405
,amenity,48.8591445,2.296614,0.1836481560228955
,amenity,48.8590869,2.2967065,0.18616846696528563
,amenity,48.8593527,2.2961178,0.16985523691996005
,amenity,48.8592918,2.2962217,0.170640483976594
,amenity,48.8595014,2.2958791,0.17115271068937862
,amenity,48.8594868,2.2959159,0.171467609345028
,amenity,48.8594679,2.2959454,0.17113245292798537
,amenity,48.8594061,2.2956081,0.15116776979463475
,amenity,48.8593549,2.2957087,0.15062166266343222
,amenity,48.8592062,2.2959474,0.14948325650334637
,amenity,48.8592535,2.2958804,0.1498675607617749
,amenity,48.8591286,2.2958187,0.1367020119157533
,amenity,48.8588723,2.2961781,0.14067655094934556
,amenity,48.859006,2.2961151,0.1446353299319824
,amenity,48.8570452,2.2945624,0.1351592167887357
,amenity,48.8570447,2.294599,0.13533148565261652
,amenity,48.8565989,2.2959099,0.21169368739094216
,amenity,48.8565645,2.2959166,0.21527667941972067
,amenity,48.8561006,2.2959582,0.26287343110555494
,amenity,48.8561851,2.2959887,0.25526756050253335
,amenity,48.8563009,2.2960232,0.24483466265143183
,amenity,48.8562777,2.2961573,0.2517350736133777
,amenity,48.8556389,2.2963833,0.32255770948359336
,amenity,48.8556689,2.2963377,0.3181137844556232
,amenity,48.8557218,2.2962586,0.31033780177770803
,amenity,48.8557659,2.2961862,0.30368173367051926
,amenity,48.8559455,2.2960534,0.28147253141495954
,amenity,48.8560192,2.2960769,0.2747198499299243
,amenity,48.8561489,2.2961137,0.2629122431713385
,amenity,48.8560809,2.296093,0.2690227983511156
,amenity,48.8578677,2.2956527,0.0951283258591599
,amenity,48.8574685,2.2972021,0.21689380126755006
,amenity,48.8576974,2.2972956,0.2144233360195104
,amenity,48.8576602,2.2973368,0.21854363542173336
,amenity,48.8575058,2.2973415,0.2247001541240645
,amenity,48.8576288,2.2973697,0.22192342032953646
,amenity,48.857592,2.2973808,0.22401974843366942
,amenity,48.8575399,2.297372,0.22540321746314548
,amenity,48.8574129,2.2970731,0.21096479975538632
,amenity,48.8574375,2.2970869,0.21066938105138322
,amenity,48.8574814,2.2971102,0.2101530228941242
,amenity,48.8575083,2.2971221,0.20973898746200195
,amenity,48.8575316,2.2971328,0.20944374750226127
,amenity,48.857144,2.2998527,0.4118765255279392
,amenity,48.8610812,2.2877848,0.5841885373229386
,amenity,48.8610523,2.2878063,0.5811347995694338
,amenity,48.8609799,2.2877694,0.5791802008253449
,amenity,48.8609607,2.2877285,0.5806343691995778
,amenity,48.8610029,2.2876993,0.5849026509132572
,amenity,48.8610582,2.2877275,0.5863782412269191
,amenity,48.8627361,2.2894562,0.6203157439006416
,amenity,48.8627068,2.289604,0.611267323262832
,amenity,48.8626896,2.2895631,0.611494200344146
,amenity,48.8626653,2.2895209,0.6111655757290455
,amenity,48.8626737,2.2905515,0.5699960639311755
,amenity,48.8626942,2.2905227,0.5730338933581989
,amenity,48.8616824,2.2906484,0.47408712461746383
,amenity,48.8617003,2.2906192,0.47696295595801796
,amenity,48.8617281,2.2905753,0.48136683651864404
,amenity,48.8617482,2.2905445,0.48451027381930534
,amenity,48.8617775,2.2904992,0.48911104038887443
,amenity,48.8618238,2.2904285,0.4963442177557875
,amenity,48.8618027,2.2904603,0.4930661254223436
,amenity,48.8618829,2.2908107,0.48542516448742185
,amenity,48.86186,2.2908228,0.4828167559408676
,amenity,48.8618057,2.29093,0.4734234931467273
,amenity,48.8617982,2.2919365,0.4361514016792025
,amenity,48.8617654,2.2919727,0.4317156214098344
,amenity,48.8616535,2.2919349,0.4217435992039078
,amenity,48.8616412,2.291908,0.42140741376637
,amenity,48.8617526,2.2970492,0.4310874290081584
,amenity,48.8617056,2.2969318,0.42267687894160594
,amenity,48.8616379,2.2967625,0.41068813150136463
,amenity,48.8615307,2.2965285,0.39299556397305335
,amenity,48.8614705,2.2964038,0.38338077397330306
,amenity,48.8614202,2.2963052,0.3755653872467636
,amenity,48.8612947,2.2960581,0.3563161515146426
,amenity,48.8612501,2.2959749,0.34968539245103714
,amenity,48.8612042,2.2958905,0.3429425987096748
,amenity,48.861154,2.2958033,0.3357392424782078
,amenity,48.8611001,2.2957158,0.3281954343141232
,amenity,48.8610551,2.2956423,0.32193686780107034
,amenity,48.8609951,2.2955535,0.313831815598689
,amenity,48.8614427,2.2877066,0.6113959850904787
,amenity,48.8614865,2.2877553,0.6113317619106762
,amenity,48.8615581,2.2876972,0.619469153846709
,amenity,48.8615869,2.2877326,0.6192857914265049
Francette,amenity,48.8590174,2.2917267,0.2202880759159099
Banc de Vaclav Havel,amenity,48.8556051,2.2953331,0.30148639373067043
,amenity,48.8558054,2.2943392,0.27321433039604553
,amenity,48.8557342,2.2943431,0.28111312001134986
,amenity,48.8540754,2.2964822,0.4875363906004612
,amenity,48.8549788,2.2950964,0.3674911709421448
,shop,48.8548119,2.2954069,0.38916639226907823
,amenity,48.8537966,2.2969627,0.5282108783181363
,amenity,48.8542413,2.296214,0.46424674442713815
,amenity,48.8546218,2.2957468,0.4147884257336549
,amenity,48.8553469,2.2945411,0.3239595146936954
,amenity,48.8543824,2.2960168,0.4453278740769461
,amenity,48.8547981,2.2955072,0.39199859991101854
,amenity,48.8552561,2.2946356,0.33419033448142055
,tourism,48.8550854,2.2888756,0.5431460570768041
,tourism,48.8551328,2.2890615,0.5293749909246246
À Bir-Hakeim,historic,48.855807,2.2876874,0.5695331989581501
,amenity,48.8552102,2.3011079,0.5916957083353307
,historic,48.8552127,2.3011002,0.5910733442610877
,amenity,48.8578085,2.3000155,0.40778234609324626
,amenity,48.8577141,2.2998843,0.3996893229776533
,amenity,48.8575276,2.2996544,0.38685327882914133
,amenity,48.8575358,2.2996721,0.387932749688509
,amenity,48.8575682,2.2991263,0.34803935766433347
,amenity,48.8582578,2.297821,0.24364840805609483
,amenity,48.8583266,2.2979244,0.2513450070708852
,amenity,48.8582106,2.29811,0.2649117473873575
,amenity,48.8581297,2.297982,0.2558726699535619
,amenity,48.8579802,2.2959084,0.1078847245403524
,amenity,48.8579848,2.2959434,0.11020332038476592
,amenity,48.8567737,2.2920071,0.24656739938560998
,amenity,48.8566252,2.292228,0.24669403139518106
Café Jacques,amenity,48.8609779,2.2986125,0.4270788301050616
,amenity,48.8610618,2.298892,0.4482410858750395
,amenity,48.8566983,2.2999238,0.4341972619498044
,amenity,48.8564535,2.3008261,0.5057735288636893
,amenity,48.8563689,2.3010087,0.5218181976137031
,amenity,48.854756,2.2966574,0.4205742786173112
,amenity,48.8545811,2.2967248,0.4404644554549434
,amenity,48.8548873,2.2979614,0.4529489483097631
,amenity,48.854921,2.2981789,0.4590500454272067
,amenity,48.8549362,2.2982929,0.4626667365000438
,amenity,48.8548467,2.2983168,0.47169540369086643
,amenity,48.8548288,2.2982013,0.46833379009174114
,amenity,48.8548101,2.2980749,0.4647323357543812
,amenity,48.8549062,2.2986976,0.4836823958159064
,amenity,48.8549715,2.299104,0.4978388006506051
,amenity,48.8545456,2.2996111,0.5579013832964068
,amenity,48.8549186,2.3002428,0.5618033397377953
,amenity,48.8550114,2.300096,0.5468980746886164
,amenity,48.8555578,2.2997013,0.4857362969194171
,amenity,48.8556557,2.2990934,0.44436114272900473
,amenity,48.8556482,2.2995952,0.47340977804578993
,amenity,48.8557223,2.2996155,0.4695890079368789
,amenity,48.8557841,2.2996364,0.4667286731572361
,amenity,48.8558673,2.299663,0.4629267973213875
,amenity,48.8560743,2.2997243,0.4538820131575711
,amenity,48.8561472,2.2997497,0.45118278962192104
,amenity,48.8561221,2.2998719,0.4602974769739109
,amenity,48.8562072,2.2999027,0.45743858294513984
,amenity,48.8555381,2.3012525,0.5806032205353608
,amenity,48.8551836,2.3008673,0.5790597109541579
,amenity,48.8551608,2.3008342,0.5786085293533544
,amenity,48.855137,2.3007998,0.5781688322993124
,amenity,48.8551073,2.3007562,0.5776129381567541
,amenity,48.855124,2.3007765,0.577674413608663
,amenity,48.8550882,2.3007278,0.5772535451225689
,amenity,48.855068,2.3006982,0.5769151081393407
,amenity,48.8550377,2.3006543,0.5764675794830031
,amenity,48.8550206,2.30063,0.5762587270291666
,amenity,48.8550039,2.3006055,0.5760222171157153
,amenity,48.8548206,2.3007523,0.5972834996454716
,amenity,48.8548431,2.3007857,0.5975738691835435
,amenity,48.8548714,2.3008246,0.5977908483874516
,amenity,48.8551364,2.3012089,0.6024784451154431
,amenity,48.8551614,2.301245,0.6030518868637373
,amenity,48.8551907,2.3012917,0.6040201568764284
,amenity,48.8544586,2.3009584,0.6350350830832667
,amenity,48.8543521,2.3011245,0.652015573749503
,amenity,48.8545434,2.3008291,0.6216770981000969
,amenity,48.8538957,2.2997355,0.6189631674287713
,amenity,48.8538676,2.2997815,0.6235088881043442
,amenity,48.8538434,2.2998197,0.6273597039036802
,amenity,48.8538249,2.2998484,0.6302808421494882
,amenity,48.8537976,2.2998897,0.6345437753503608
,amenity,48.8537719,2.2999303,0.6386359597449206
,amenity,48.8537777,2.3001239,0.6470978099021635
,amenity,48.8538074,2.3000791,0.6424572839138208
,amenity,48.8538249,2.3000519,0.6396855888332753
,amenity,48.8538426,2.3000244,0.636882867554373
,amenity,48.8538814,2.2999632,0.6306967650039781
,amenity,48.8539111,2.2999183,0.626052782394358
,amenity,48.8539337,2.2998837,0.622498997456947
,amenity,48.8539551,2.2998508,0.6191277265966096
,amenity,48.8541079,2.3000301,0.6146890761227063
,amenity,48.8541008,2.3004637,0.6367155526941007
,amenity,48.8541112,2.3004425,0.6348063073893659
,amenity,48.8540056,2.3006098,0.6517747009229445
,amenity,48.8538774,2.3008101,0.6722342648193522
,amenity,48.8538662,2.3008295,0.6741178408181782
,amenity,48.8540182,2.2991496,0.582145428903823
,amenity,48.8538029,2.3004567,0.6608338033194973
,amenity,48.8542928,2.3000055,0.5981761901028013
,amenity,48.8542653,2.3012692,0.6663655286697632
,amenity,48.8542723,2.3012501,0.6648019301735935
,amenity,48.8540065,2.2991292,0.5823258025542217
,amenity,48.8541612,2.2993583,0.5786425026729723
,amenity,48.8541935,2.2994065,0.5780135553693226
,amenity,48.8542363,2.2994671,0.5770954000985409
,amenity,48.8542631,2.2995075,0.5766719299448155
,amenity,48.8542798,2.2995332,0.5764480951276398
,amenity,48.8543024,2.2995663,0.5760848621579137
,amenity,48.8543501,2.2995223,0.5699496481105363
,amenity,48.8543772,2.2990951,0.547822439777676
,amenity,48.8543836,2.299068,0.5460387234197587
,amenity,48.8544044,2.2990084,0.5415318633226983
,amenity,48.8543955,2.2990272,0.5431584384136059
,amenity,48.8544162,2.2989806,0.5392473510424871
,amenity,48.8538865,2.2988242,0.5806917094164211
,amenity,48.8562983,2.3006728,0.5027157235580973
,amenity,48.8575699,2.2988495,0.32821659264245207
,amenity,48.8567327,2.2987967,0.3580866743008732
Eiffel café,amenity,48.8539753,2.2889038,0.6290550175774698
Noti Plage,amenity,48.8576166,2.2900122,0.33703727962655555
,amenity,48.854241,2.2921745,0.47841675317225324
,amenity,48.857288,2.2908946,0.2858305456765661
,amenity,48.8624917,2.3007311,0.6561053117957852
,amenity,48.8625261,2.2941349,0.4751896844985581
,amenity,48.8559086,2.294825,0.26256228069524473
,amenity,48.8565746,2.2936635,0.19722682717869294
Casa Trocadéro,amenity,48.8624138,2.2914324,0.5138832381226567
L'aquarium De Paris,amenity,48.8620507,2.2911446,0.48821672274812095
La Coquette,shop,48.8593052,2.298384,0.30775604049511396
,amenity,48.8580639,2.2927563,0.1298382089010696
,amenity,48.86214,2.2935432,0.43717564757903915
,amenity,48.8555786,2.2898725,0.4519396354525135
,amenity,48.8555507,2.2898673,0.4542782830045038
Glaces Moustache,amenity,48.8569938,2.3008214,0.4847209538379205
,tourism,48.8593678,2.288781,0.43740564427947165
,amenity,48.8556259,2.2932972,0.3059407219467134
Kunitoraya Onigiri,amenity,48.8548266,2.2895027,0.5294197635266393
5àsec,shop,48.8549263,2.2953017,0.37535151200104033
,tourism,48.8578397,2.2966976,0.16785058607241327
Chateaubriand,tourism,48.8552552,2.2892277,0.5112424809789943
,historic,48.8582161,2.2995004,0.36691380954897757
,amenity,48.8619001,2.2905706,0.4970241283017446
,leisure,48.8601993,2.2885508,0.48695017644500105
,leisure,48.860165,2.2884988,0.48870857041860694
Bibliothèque d'architecture contemporaine,amenity,48.8626018,2.2884266,0.6570996391219219
,amenity,48.8594712,2.2953882,0.14962433728981453
,amenity,48.8594891,2.2952936,0.1485653356657763
Capriccio,amenity,48.8593825,2.2979246,0.28055411272596137
Dessange,shop,48.8588358,2.297992,0.26407831044942437
Elixír voyages,shop,48.8588928,2.2979171,0.26039098965631
Café Gustave,amenity,48.8592132,2.297992,0.2772617952734053
Souvenirs tabac drinks,shop,48.8589619,2.2977916,0.2537943362917982
,amenity,48.8593635,2.2977663,0.26923146217632654
,amenity,48.8590355,2.2978034,0.25724570431268357
,amenity,48.8556891,2.2991233,0.44362475063984197
,amenity,48.8563092,2.2989998,0.3950455448835751
,amenity,48.8585148,2.2956766,0.0908302765130533
,amenity,48.8584678,2.2954963,0.0766342535860843
,amenity,48.8584357,2.2953896,0.06810054176976561
,amenity,48.8584577,2.2947339,0.027873433299653007
Snacks Et Boissons,amenity,48.8585524,2.2949035,0.04395596761331994
,amenity,48.8546593,2.2951529,0.4032627293717514
Maison De Santé Motte-Picquet Dupleix,amenity,48.8540588,2.2940296,0.4684682693359194
,amenity,48.8553063,2.2985512,0.44298678665902613
,amenity,48.8565415,2.2965291,0.24223018637482563
,amenity,48.8565128,2.2965136,0.24406593373151003
,amenity,48.856534,2.2964931,0.24127881630806639
ST.GE SOUVENIRS,shop,48.8548865,2.2948118,0.3758399737559505
,amenity,48.8569815,2.2971714,0.2421178449811807
,amenity,48.854797568687744,2.2960136404551315,0.4007240462068285
,leisure,48.85645641372329,2.2916216623164796,0.2912976639448241
Tour Eiffel 3e étage,tourism,48.85826433237279,2.294494898893334,0.0006465072649040498
Tour Eiffel 2e étage,tourism,48.858258014211266,2.29449660133736,0.0003606577468603091
Palais de Chaillot,tourism,48.862198275071236,2.2883457225810164,0.6291142623082141
Jardins du Trocadéro,leisure,48.86147159190886,2.289373949640641,0.5187240802650172
Champ de Mars,leisure,48.85604515674459,2.2979241210628705,0.3518139388921593
Tour Eiffel,tourism,48.85826203697695,2.294496149430155,0.00040389353937868473
Musée du quai Branly,tourism,48.86095322630763,2.297887108607065,0.38917719255765876
,leisure,48.85644674689609,2.2915970846955496,0.2933461662104285
Hôtel Mercure,tourism,48.85481003249339,2.292266620474829,0.41720603468167644
,amenity,48.8543615615984,2.2888963343985766,0.5975535307472403
New Cap Event Center,amenity,48.854049627261205,2.2884984571695024,0.6428211942128432
Pullman Paris Tour Eiffel,tourism,48.85547728573453,2.2928741230668166,0.3316654782452928
,amenity,48.85420075587087,2.2999148636352102,0.6013501963204028
,historic,48.857012693276594,2.2982109529615986,0.3055584963080516
,tourism,48.85675173393673,2.2983431172061706,0.3280759431870966
,tourism,48.856950966550414,2.2986371169417965,0.33663618876883666
,historic,48.85783922855795,2.296699643471192,0.16800920356404767
,historic,48.85701500546365,2.2979377731765473,0.2877166986883359
,historic,48.85674067062087,2.297610302655054,0.28392752313920927
Lucien Guitry,historic,48.85756855520934,2.298706079128209,0.31802970254678425
,historic,48.856984779262675,2.2984485395874485,0.322543293039864
,historic,48.8569789040168,2.2976965700276666,0.274396772033842
,historic,48.85679648942877,2.2982257957556818,0.31813238212706535
École maternelle,amenity,48.858536767663935,2.299793528831979,0.3896083177753084
Théâtre de la Tour Eiffel,amenity,48.85855477996968,2.3011127120281687,0.48629698043199804
Lycée étranger privé Léonard de Vinci,amenity,48.858663174534726,2.301490425060788,0.5148626098681298
La Jeunesse,tourism,48.861026801829304,2.290685253310244,0.41599983267338825
La Joie de vivre,tourism,48.86069938416494,2.290193427182037,0.4165142821389274
Aquarium de Paris - Cinéaqua,tourism,48.8622162279778,2.290969941353502,0.5105785500418599
,historic,48.86003285876747,2.287697307978475,0.5367365587927768
,leisure,48.86044854118539,2.288009547340594,0.5348826380465362
,leisure,48.86052051603663,2.2879525528509923,0.5422737374557997
,leisure,48.86277471538893,2.2916749717730456,0.5432039509345847
École primaire,amenity,48.85865210615553,2.2992897000199073,0.35411529038491996
Lycée professionnel Gustave Eiffel,amenity,48.85878930287971,2.2999610106528094,0.4049805948468102
,shop,48.85552152700727,2.3007490750410913,0.5504337484991035
,historic,48.85540091626713,2.297473967408676,0.38560577600743173
,historic,48.855358070692546,2.297586289925713,0.39421958156303166
,historic,48.85535917454555,2.2978921360046294,0.4074277517863202
,historic,48.85541645355691,2.2981884196019853,0.4162005969184901
,historic,48.85523198078753,2.2983510614905076,0.4395679648324859
,historic,48.855176371518574,2.2981087362840196,0.4332325632194556
,historic,48.85517694999999,2.297352099999999,0.4016558626009883
,historic,48.85520167646622,2.2971782302289396,0.39277574548801863
,historic,48.855149350000005,2.2978587499999996,0.42471499324953654
,historic,48.855149,2.2976043500000003,0.4141950944570647
,amenity,48.85657693350673,2.2986347207443623,0.3564511417052287
,historic,48.85556812447774,2.29659559678863,0.3365128099074057
,historic,48.85577090876725,2.296895215770787,0.3278593350950824
,amenity,48.855352625591216,2.2968348201771493,0.3658803719611283
,leisure,48.857931216392096,2.2958918475848518,0.10843523230706291
,leisure,48.85795830299126,2.29638605680027,0.14236103486447835
,leisure,48.86109407114284,2.298129906100944,0.4126236031487887
Parking automobile,amenity,48.86111934125199,2.2952356481735086,0.3225316428232575
Parking des bus,amenity,48.8605082846124,2.294399638402082,0.250145862573921
Maison de la Culture du Japon,tourism,48.8547492648839,2.289792181570354,0.5213408104564918
,leisure,48.85444337480046,2.2905792925410915,0.5127746432760151
Port Debilly,leisure,48.86247192702496,2.2954148413274686,0.4731863616890763
Port de La Bourdonnais,leisure,48.86163651237805,2.2964868535190566,0.4027953031665802
Port de Passy,leisure,48.85571937831293,2.2857043549320477,0.7046000043347294
Port de Suffren,leisure,48.857696558094595,2.290524202549478,0.29843604848556593
Port de Grenelle,leisure,48.852080272905404,2.284393799487916,1.0111126865725404
Promenade d'Australie,leisure,48.856322581259555,2.2896509454701253,0.4160044979863203
,leisure,48.85682556555845,2.291006543610108,0.30196200732791534
,leisure,48.85636555386313,2.290785414749529,0.3445323448981472
Le Carrousel de la Tour Eiffel,tourism,48.85892084990797,2.292622064239707,0.1562168332267744
Centre Sportif Émile Anthoine,leisure,48.85617209891429,2.2912732652851595,0.331650903814654
Souvenirs de Paris,shop,48.85404022101718,2.2891356582504643,0.6125323293620326
École élémentaire privée Fidès,amenity,48.85987124858061,2.2961179867081998,0.21493095387339214
Madame Brasserie,amenity,48.85841135,2.2942649999999998,0.024135904595851413
Pavillon Eiffel,tourism,48.85842219999999,2.2947295000000003,0.02465530487269621
Pavillon Ferrié,tourism,48.85810225000001,2.29425305,0.025245442877689275
Pilier Nord Caisse,shop,48.85878929999999,2.29439735,0.05935848278434323
,leisure,48.85757834414557,2.297278861358349,0.21750137318558407
Monument des Droits de l'Homme,historic,48.855225544086125,2.3011166896502884,0.5912487648791931
,leisure,48.853926397331,2.300176826697273,0.6369803870688227
,leisure,48.85366602437594,2.2998005995737327,0.6420698311295518
Bateaux Parisiens,amenity,48.860383382491186,2.29352542600142,0.24674938219380044
,amenity,48.85736903589412,2.290814481447321,0.2880591063476819
,amenity,48.85499911050466,2.2890801166134636,0.5382480683541946
,amenity,48.85493200558436,2.289004723305395,0.5473672450344651
Cathédrale de la Sainte-Trinité,amenity,48.861876309888785,2.3010171429843047,0.6248033765537447
,tourism,48.85794951441454,2.293083890902798,0.10953787749044917
Parking handicapé,amenity,48.860283595962244,2.2938036293894073,0.23078701969449467
,leisure,48.8602668393224,2.288641775420518,0.4843883954321583
,leisure,48.85446431120538,2.288455634574151,0.6123220798530135
,leisure,48.85422694668279,2.2879592337876775,0.656935449049963
,leisure,48.85439774694322,2.2881846585831456,0.6318854940387536
,leisure,48.85412117469032,2.2880115286733784,0.6622570800218752
,leisure,48.854545020138914,2.288368177398201,0.6108817750831974
,leisure,48.86103067528053,2.2997826656065348,0.49514089044613824
,leisure,48.857003131935606,2.294620611703027,0.14003855593973727
,amenity,48.85479965,2.30114215,0.6209685904299318
,amenity,48.85740564145518,2.29968455605866,0.3920808297800547
,amenity,48.85735726744113,2.3002219356651716,0.4316640511487472
,amenity,48.857277080158134,2.299842487611536,0.4069394649181611
La Bonbonnière de Marie,amenity,48.85558071657209,2.3008039529426334,0.5502004854427519
,amenity,48.8570450318435,2.299155270326555,0.3673088762918872
,amenity,48.85683182871351,2.298839199558974,0.3557793505360026
,amenity,48.85654823195995,2.2984462849963703,0.3465026389578361
,amenity,48.856425361751214,2.298492095096304,0.3569464404131904
,amenity,48.85649037275251,2.2988438723370708,0.37456754676862986
,amenity,48.85669143217651,2.2991422786492026,0.3826718233118171
,amenity,48.856604087075304,2.2988473957972153,0.36830479539462896
,amenity,48.85696228113967,2.299376689554954,0.38581136345744055
,shop,48.85683008502253,2.299421261837989,0.39453900296358646
,amenity,48.856893977912335,2.299435659656087,0.3927032705666012
,amenity,48.85728430616195,2.2993454128746227,0.37169804599179507
,amenity,48.85731686004006,2.299392831925175,0.3739961426026683
,amenity,48.857349674415225,2.2994413805786436,0.3764192438441462
,amenity,48.856749480524485,2.2985611454270125,0.3420471055525386
,amenity,48.85570477127918,2.2970160298270015,0.3388388166962394
,amenity,48.85607770191959,2.3013793555315347,0.5600738716483107
,amenity,48.8560382862724,2.301318860657384,0.5580034017925646
,amenity,48.8561816319313,2.300657229379134,0.5074630387366297
,amenity,48.85621969675117,2.3006118769362485,0.5025772290270324
,amenity,48.85663252516891,2.300516229412139,0.4770868508898688
,amenity,48.85682893482808,2.3002091909507136,0.44810576513172773
,amenity,48.85675942096495,2.300197547719774,0.450115592021548
,amenity,48.85657596505082,2.3004802341340778,0.47707788738681234
,amenity,48.85687022195402,2.3000007026631284,0.43217486897301544
,amenity,48.85710895305404,2.300146608054528,0.43362465646118614
,amenity,48.85711434770907,2.3000762424124592,0.4285152364408369
,amenity,48.856663749999996,2.30000895,0.44146210147581627
,amenity,48.85665911790411,2.299934455435897,0.4366723024036157
,leisure,48.85375187784679,2.2948454343211306,0.5019616182026245
,leisure,48.85381589060361,2.2945837922789516,0.49424242610953667
,leisure,48.85397141023617,2.2945633459568198,0.47693209093537303
Mémorial national de la guerre d'Algérie et des combats du Maroc et de la Tunisie,historic,48.860587787529624,2.2949707050372443,0.2611655272751486
,shop,48.85834315230631,2.294618169910628,0.012654769562756765
,shop,48.85834303038159,2.2943775563756894,0.012922227545931338
,shop,48.85816525479263,2.2943910992125263,0.013241701159527615
,amenity,48.858264160713624,2.2945015260036046,0.0004786685650625878
,amenity,48.862537025389244,2.300988555881616,0.672958638465248
,amenity,48.86253730106314,2.3008210603511023,0.6643431431058704
,amenity,48.86267965092623,2.3008053576118495,0.6749775155326937
Café Pierre Hermé,amenity,48.862710456843914,2.3010651366456174,0.6906327821731192
Guichet Transilien,shop,48.86253083329511,2.3011550043257123,0.6811728927514813
,amenity,48.860852215380916,2.29985058101111,0.4870487251799878
,leisure,48.85410201339987,2.2951874063670905,0.4651245096635256
,amenity,48.85659677332037,2.2934912839584416,0.19922966367456726
,amenity,48.85657893246134,2.2934649015114523,0.20179398258327133
,amenity,48.856561055862855,2.293438535492713,0.20436694090738897
,amenity,48.85654317340648,2.293412183992193,0.20694528565614226
,amenity,48.85652533243746,2.293385801569484,0.20952526158735377
,amenity,48.856507473449795,2.293359434009466,0.21211149537527044
,amenity,48.85648961485783,2.293333053198137,0.2147027325285469
,amenity,48.856413569219086,2.293221040664045,0.225775383955276
,amenity,48.856395696328725,2.2931959425936057,0.2283504471367293
,leisure,48.855767852010786,2.2878474186936395,0.5613900756672294
,amenity,48.85681125,2.29198455,0.24503234605390173
,amenity,48.853830300000006,2.28927795,0.6241299399482128
,amenity,48.85420090974766,2.292261786921547,0.4803560397801561
,amenity,48.85541329800273,2.2910449776106607,0.4056023598620996
,amenity,48.8539765,2.293617,0.4807366924916251
,amenity,48.855459950000004,2.29170615,0.37283162844651496
,amenity,48.8603946,2.3006685,0.5110672700517828
,amenity,48.85891693424978,2.2995465332061373,0.3774046510676057
,amenity,48.85940038203427,2.298358680193399,0.3102114399406331
,amenity,48.855867249999996,2.29476795,0.2668016167741688
,amenity,48.85609560488649,2.30134670521999,0.5570523293935885
,amenity,48.85483370635873,2.2955906970597484,0.3893231771706108
,amenity,48.860224249696245,2.2998740325411995,0.4507606140106756
,amenity,48.85894165,2.2982144,0.282863484850335
,amenity,48.86016333455115,2.2988545373800258,0.3832432748884479
,amenity,48.85635931070488,2.2931424896582095,0.23367592481245567
,amenity,48.85891040578321,2.2982639626747075,0.28546878320781494
,amenity,48.85905642989504,2.3007896967518446,0.4699095336562703
,amenity,48.85916977872297,2.300433093830006,0.44692267633131794
,amenity,48.86039885,2.2980928,0.3550472197504183
,amenity,48.85638888738368,2.2928361482072055,0.24126908468903738
,amenity,48.856668649999996,2.2934282499999994,0.19366516359442595
,amenity,48.856225200000004,2.30102785,0.5297315928082889
,amenity,48.85844505,2.30060005,0.44804528490747997
Le Carrousel de la Tour Eiffel,amenity,48.85903360200846,2.2926674622766354,0.15967733741414603
,leisure,48.856038435553415,2.2920809333094327,0.30423091060054164
,leisure,48.85617768691655,2.2922873621378983,0.2828341262697614
,leisure,48.86248417413644,2.28886974486594,0.6256137467622712
